activity,pagerank,betweenness,in_degree,out_degree
Payment Sent,0.40818853830735424,0.06666666666666667,4,4
Close Claim,0.37062737000912255,0.0,3,2
Set Reserve,0.08504798890670637,0.10833333333333334,5,4
Claim Decision,0.06465828025775468,0.05833333333333333,4,4
Assign Claim,0.04647782251906252,0.016666666666666666,4,3
First Notification of Loss (FNOL),0.025,0.0,0,3
